Hidden Layers,Train Loss,Train Acc,Val Loss,Val Acc,Test Acc
1,0.47843767404556276,0.7656412959098816,0.5179347634315491,0.7598221757322177,0.75
2,0.46579973101615907,0.7754394769668579,0.5201366901397705,0.7598326359832636,0.745
3,0.4657502770423889,0.7760657787322998,0.5227704763412475,0.7539853556485356,0.745
4,0.4715384364128113,0.7752309322357178,0.5240337252616882,0.753981868898187,0.7525
