Hidden Layers,Train MSE,Val MSE,R2
1,0.2814041554927826,0.2856484055519104,0.7117982535637042
2,0.2117314875125885,0.2274614006280899,0.7642253345849734
3,0.18484221994876862,0.2150245726108551,0.7702468930580662
4,0.17955971956253053,0.21764325797557832,0.779612005555207
