Hidden Layers,Train MSE,Val MSE,R2
1,0.26523456573486326,0.2713901221752167,0.7235896899454858
2,0.1871043026447296,0.2143424540758133,0.7787471774146502
3,0.1701526641845703,0.20878522396087645,0.787503490319822
4,0.16400479674339294,0.21095867455005646,0.783585486807658
